Deviation #,Opening Date,Criticality,Status,Closure Date
DEV-2024-0001,2024-06-03,Minor,Remediation In Progress,
DEV-2024-0002,2024-07-16,Critical,Remediation In Progress,
DEV-2024-0003,2024-11-01,Major,Remediation In Progress,
DEV-2024-0004,2024-10-16,Critical,Remediation In Progress,
DEV-2025-0001,2025-01-17,Critical,Remediation In Progress,
DEV-2025-0002,2025-02-25,Major,Remediation In Progress,
DEV-2025-0003,2025-04-17,Critical,Remediation In Progress,
DEV-2025-0004,2025-05-03,Major,Remediation In Progress,
DEV-2025-0005,2025-05-04,Major,Remediation In Progress,
DEV-2025-0006,2025-07-16,Critical,Remediation In Progress,
DEV-2025-0007,2025-08-01,Major,Remediation In Progress,
DEV-2025-0008,2025-07-16,Critical,Remediation In Progress,
DEV-2025-0009,2025-08-05,Major,Remediation In Progress,
DEV-2025-0010,2025-08-19,Major,Remediation In Progress,
DEV-2025-0011,2025-07-20,Critical,Remediation In Progress,
DEV-2025-0012,2025-08-10,Major,Remediation In Progress,
DEV-2025-0013,2025-10-21,Critical,Remediation In Progress,
DEV-2025-0014,2025-11-01,Major,Remediation In Progress,
DEV-2025-0015,2025-10-20,Critical,Remediation In Progress,
DEV-2025-0016,2025-11-14,Major,Remediation In Progress,
DEV-2025-0017,2025-11-03,Major,Remediation In Progress,
DEV-2025-0018,2025-10-19,Critical,Remediation In Progress,
DEV-2025-0019,2025-11-03,Major,Remediation In Progress,
DEV-2026-0001,2026-01-27,Critical,Remediation In Progress,
DEV-2026-0002,2026-03-05,Major,Open,
DEV-2026-0003,2026-01-19,Critical,Remediation In Progress,
DEV-2026-0004,2026-02-10,Major,Remediation In Progress,
DEV-2026-0005,2026-02-02,Major,Remediation In Progress,
DEV-2026-0006,2026-03-10,Minor,Open,
DEV-2026-0007,2026-01-19,Critical,Remediation In Progress,
DEV-2026-0008,2026-01-31,Major,Remediation In Progress,
DEV-2026-0009,2026-05-21,Critical,Remediation In Progress,
DEV-2026-0010,2026-05-01,Major,Remediation In Progress,
DEV-2026-0011,2026-04-22,Critical,Remediation In Progress,
DEV-2026-0012,2026-05-11,Major,Remediation In Progress,
DEV-2026-0013,2026-06-07,Major,Open,
DEV-2026-0014,2026-07-28,Minor,Open,
DEV-2026-0015,2026-04-24,Critical,Remediation In Progress,
DEV-2026-0016,2026-05-01,Major,Remediation In Progress,
DEV-2026-0017,2026-07-22,Critical,Open,
DEV-2026-0018,2026-08-27,Major,Open,
DEV-2026-0019,2026-07-20,Critical,Remediation In Progress,
DEV-2026-0020,2026-08-13,Major,Open,
DEV-2026-0021,2026-07-19,Critical,Open,
DEV-2026-0022,2026-07-31,Major,Open,
